Ntraining,Njump,sigma_co,sigma_ve,rets_05,rets_10,rets_20,len rets 5,len rets 10,len rets 20,Capital_top5,Capital_top10,Capital_top20,Sharpe_top5,Sharpe_top10,Sharpe_top20,Median_top5,Median_top10,Median_top20
131,60,1.5,0.1,"[-0.00055056  0.00186481  0.00091092 ...  0.00132398  0.00073875
  0.00188826]","[-0.0002289   0.00166397  0.00071521 ...  0.00178689  0.00083146
  0.00107462]","[-1.76694285e-03  2.64505147e-03 -2.32582133e-04 ...  1.40254389e-03
  1.67343356e-03  8.04171368e-05]",2537,2537,2537,474.542040184601,390.3531832836183,319.94180677820765,0.13227981854732296,0.14145640498698014,0.1505154097987916,5.760652700362145e-05,0.0002366977003773979,0.00019506733003240613
131,70,1.5,0.1,"[-0.00055056  0.00186481  0.00091092 ...  0.00243926 -0.00219806
 -0.00264887]","[-0.0002289   0.00166397  0.00071521 ...  0.00314044  0.00246587
  0.00112098]","[-0.00176694  0.00264505 -0.00023258 ...  0.00332806  0.00187911
  0.00010725]",2553,2553,2553,385.0229692405502,352.4011697822228,298.13115551437016,0.11899932597885002,0.1378605327681102,0.14151797694883572,0.0,0.00018474772841408472,0.00017809057150973054
131,80,1.5,0.1,"[-0.00055056  0.00186481  0.00091092 ...  0.          0.
 -0.00253136]","[-0.0002289   0.00166397  0.00071521 ... -0.00095814  0.00169346
 -0.00107519]","[-0.00176694  0.00264505 -0.00023258 ... -0.00112431 -0.00031792
 -0.00109969]",2528,2528,2528,420.82325989522786,388.5391792498091,298.3499266331628,0.12097094305779942,0.12600426897762707,0.12820704553823697,0.0,0.00017615371746174878,0.00019140687459448725
131,90,1.5,0.1,"[-0.00055056  0.00186481  0.00091092 ...  0.00069385 -0.00257228
 -0.001079  ]","[-0.0002289   0.00166397  0.00071521 ...  0.00034693 -0.0014132
  0.00018717]","[-0.00176694  0.00264505 -0.00023258 ... -0.0016254  -0.00368157
  0.00099745]",2581,2581,2581,344.2199705644215,300.55282217050984,283.20517014887037,0.11935135216301355,0.11611172071485806,0.13590917184346377,0.0,0.0001774991965240626,0.00021821354963032254
