Ntraining,Njump,sigma_co,sigma_ve,rets_05,rets_10,rets_20,len rets 5,len rets 10,len rets 20,Capital_top5,Capital_top10,Capital_top20,Sharpe_top5,Sharpe_top10,Sharpe_top20,Median_top5,Median_top10,Median_top20
131,80,0.5,0.1,"[ 6.78247957e-05  2.21110876e-03  9.10923944e-04 ...  3.78822686e-03
 -1.23213592e-02  3.07065064e-04]","[ 0.00021236  0.00200225  0.00103498 ...  0.00409509 -0.00921513
  0.00122217]","[-1.54631535e-03  2.81419336e-03 -7.26984119e-05 ...  2.56134311e-03
 -6.34475687e-03  4.50119627e-04]",2528,2528,2528,493.11043485667136,444.4015422939417,352.903082199936,0.11103587102677101,0.11738032691065743,0.12142661993082562,0.0002931837322786848,0.00031766168198264126,0.00034882601962096387
131,80,1.0,0.1,"[ 6.78247957e-05  2.21110876e-03  9.10923944e-04 ... -5.35369888e-04
 -1.78995926e-03  2.83842832e-03]","[ 0.00016655  0.00183712  0.00071521 ... -0.00137208 -0.00016119
  0.00248785]","[-0.00156922  0.00273163 -0.00023258 ... -0.00067858 -0.00181778
  0.00108296]",2528,2528,2528,496.18365035734746,441.7392507565274,335.7603361483799,0.12323556000964139,0.12763233622607661,0.1292025004268841,0.00020851510968508872,0.00030648207510174086,0.00029619971621868384
131,80,1.5,0.1,"[-0.00055056  0.00186481  0.00091092 ...  0.          0.
 -0.00253136]","[-0.0002289   0.00166397  0.00071521 ... -0.00095814  0.00169346
 -0.00107519]","[-0.00176694  0.00264505 -0.00023258 ... -0.00112431 -0.00031792
 -0.00109969]",2528,2528,2528,420.82325989522786,388.5391792498091,298.3499266331628,0.12097094305779942,0.12600426897762707,0.12820704553823697,0.0,0.00017615371746174878,0.00019140687459448725
131,80,2.0,0.1,[0. 0. 0. ... 0. 0. 0.],[0. 0. 0. ... 0. 0. 0.],"[-3.14943941e-04  7.33944954e-05 -6.44895719e-04 ... -4.60914810e-04
 -9.96434877e-04 -1.70416288e-04]",2528,2528,2528,296.88988586734723,289.1851033551852,243.8883137451947,0.10713550087526492,0.11558836902900356,0.12296855882190869,0.0,0.0,0.00014206162669975038
131,80,2.5,0.1,[0. 0. 0. ... 0. 0. 0.],[0. 0. 0. ... 0. 0. 0.],"[ 0.          0.          0.         ... -0.00093998 -0.0001497
 -0.00017186]",2528,2528,2528,171.6081060672247,201.55768699055568,175.66375129643637,0.07778569040096717,0.10712273538358197,0.10942110065716192,0.0,0.0,0.0
